-- Tshikaji Data dependencies

/*!40101 SET @OLD_CHARACTER_SET_CLIENT=@@CHARACTER_SET_CLIENT */;
/*!40101 SET @OLD_CHARACTER_SET_RESULTS=@@CHARACTER_SET_RESULTS */;
/*!40101 SET @OLD_COLLATION_CONNECTION=@@COLLATION_CONNECTION */;
/*!40101 SET NAMES utf8mb4 */;

--
-- Contenu de la table `cost_center`
--

INSERT INTO `cost_center` (`project_id`, `id`, `text`, `note`, `is_principal`) VALUES
(1, 1, 'Administration HBB', 'Centre de cout de l\'Administration', 1),
(1, 2, 'Dispensaire', 'Centre des cout rattach├® au service dispensaire', 1),
(1, 3, 'Medecine Interne Centre de Cout', NULL, 1),
(1, 5, 'Administration PAX', NULL, 1),
(1, 6, 'Aumonerie (Administration)', NULL, 1),
(1, 7, 'BCZS (Bureau Central Zone de Sant├®)', NULL, 1),
(1, 8, 'Buanderie', NULL, 0),
(1, 9, 'Centre d\'Etude', NULL, 1),
(1, 10, 'Centre Nutritionnel', NULL, 1),
(1, 11, 'Chantier', NULL, 0),
(1, 12, 'Charit├®', NULL, 0),
(1, 13, 'Chrirurgie HBB C2 (H)', NULL, 1),
(1, 14, 'Chrirurgie HBB D2 (F)', NULL, 1),
(1, 15, 'Chirurgie PAX', NULL, 1),
(1, 16, 'Clinique Dentaire', NULL, 1),
(1, 17, 'Clinique ORL', NULL, 1),
(1, 18, 'Clinique SIDA PAX (Dispensaire)', NULL, 1),
(1, 19, 'Clinique Tuberculose PAX (Dispensaire)', NULL, 1),
(1, 20, 'Coordination HBB (Nursing Supervision)', NULL, 1),
(1, 21, 'Coordination PAX (Nursing Supervision)', NULL, 1),
(1, 22, 'Depot Papeterie (Administration)', NULL, 0),
(1, 23, 'Diabete PAX (Dispensaire)', NULL, 1),
(1, 24, 'Direction Nursing (Nursing Supervision)', NULL, 1),
(1, 25, 'Dispensaire HBB (Dispensaire)', NULL, 1),
(1, 26, 'Dispensaire PAX (Dispensaire)', NULL, 1),
(1, 27, 'Entretien HBB (Entretien)', NULL, 1),
(1, 28, 'Entretien PAX (Entretien)', NULL, 1),
(1, 29, 'Garage', NULL, 1),
(1, 30, 'Gest House', NULL, 1),
(1, 31, 'Gynecologie HBB G2 (Gynecologie)', NULL, 1),
(1, 32, 'Gynecologie PAX (Gynecologie)', NULL, 1),
(1, 33, 'Hydro Barage', NULL, 1),
(1, 34, 'ISTM', NULL, 1),
(1, 35, 'ITM Tshikaji', NULL, 1),
(1, 36, 'Laboratoire HBB (Laboratoire)', NULL, 1),
(1, 37, 'Laboratoire PAX (Laboratoire)', NULL, 1),
(1, 38, 'Maintenance', NULL, 1),
(1, 39, 'Maternit├® HBB B2 (Maternit├®)', NULL, 1),
(1, 40, 'Maternit├® PAX (Maternit├®)', NULL, 1),
(1, 41, 'Medecine Interne HBB C2 (H)', NULL, 1),
(1, 42, 'Medecine Interne HBB D2 (F)', NULL, 1),
(1, 43, 'Ophtamologie', NULL, 1),
(1, 44, 'Pediatrie HBB C1 (Pediatrie)', NULL, 1),
(1, 45, 'Pediatrie PAX (Pediatrie)', NULL, 1),
(1, 46, 'Peremption (Administration)', NULL, 1),
(1, 47, 'Perte et Casse (Administration)', NULL, 1),
(1, 48, 'Pharmacie Depot (Pharmacie)', NULL, 1),
(1, 49, 'Pharmacie details HBB (Pharmacie)', NULL, 1),
(1, 50, 'Pharmacie details PAX (Pharmacie)', NULL, 1),
(1, 51, 'Radiologie HBB (Imagerie M├®dicale)', NULL, 1),
(1, 52, 'Radiologie PAX (Imagerie M├®dicale)', NULL, 1),
(1, 53, 'Salle d\'op├®ration HBB (Salle d\'op├®ration)', NULL, 1),
(1, 54, 'Salle d\'op├®ration PAX (Salle d\'op├®ration)', NULL, 1),
(1, 55, 'Salle d\'urgence HBB (Salle d\'urgence)', NULL, 1),
(1, 56, 'Salle d\'urgence PAX (Salle d\'urgence)', NULL, 1),
(1, 57, 'S├®cr├®tariat ITM (ITM)', NULL, 1),
(1, 58, 'S├®curit├® HBB (S├®curit├®)', NULL, 0),
(1, 59, 'S├®curit├® PAX (S├®curit├®)', NULL, 0),
(1, 60, 'S├®curit├® Lac Muka (Lac Muka)', NULL, 0),
(1, 61, 'Salle d\'urgence PAX', NULL, 1),
(1, 62, 'Chirurgie Pediatrique', NULL, 1),
(1, 63, 'Maternite Fistule', NULL, 1),
(1, 64, 'Maternite Pax', NULL, 1),
(1, 65, 'Gyneco Pax', NULL, 0),
(1, 66, 'Sante Public Pax', NULL, 0),
(1, 67, 'TBC Pax', NULL, 0),
(1, 68, 'Laboratoire Pax', NULL, 0),
(1, 69, 'Clinique Diabetique Pax', NULL, 0);

--
-- Contenu de la table `profit_center`
--

INSERT INTO `profit_center` (`project_id`, `id`, `text`, `note`) VALUES
(1, 1, 'Administration HBB', 'Centre de Profit Administration'),
(1, 2, 'Dispensaire', 'Centre de profit rattach├® au service Dispensaire'),
(1, 3, 'Medecine Interne Centre de Profit', NULL),
(1, 5, 'Administration PAX (Administration)', NULL),
(1, 6, 'Aumonerie (Administration)', NULL),
(1, 7, 'BCZS (Bureau Central Zone de Sant├®)', NULL),
(1, 8, 'Buand├®rie', NULL),
(1, 9, 'Centre d\'Etude', NULL),
(1, 10, 'Centre Nutritionnel', NULL),
(1, 11, 'Chantier', NULL),
(1, 12, 'Charit├®', NULL),
(1, 13, 'Chirurgie HBB C2 (H) (Chirurgie)', NULL),
(1, 14, 'Chirurgie HBB D2 (F) (Chirurgie)', NULL),
(1, 15, 'Chirurgie PAX (Chirurgie)', NULL),
(1, 16, 'Clinique Dentaire', NULL),
(1, 17, 'Clinique ORL (ORL)', NULL),
(1, 18, 'Clinique SIDA PAX (Dispensaire)', NULL),
(1, 19, 'Clinique Tuberculose PAX (Dispensaire)', NULL),
(1, 20, 'Coordination HBB (Nursing Supervision)', NULL),
(1, 21, 'Coordination PAX (Nursing Supervision)', NULL),
(1, 22, 'D├®p├┤t Papeterie (Administration)', NULL),
(1, 23, 'Diabete PAX (Dispensaire)', NULL),
(1, 24, 'Direction Nursing (Nursing Supervision)', NULL),
(1, 25, 'Dispensaire HBB (Dispensaire)', NULL),
(1, 26, 'Dispensaire PAX (Dispensaire)', NULL),
(1, 27, 'Entretien HBB', NULL),
(1, 28, 'Entretien PAX', NULL),
(1, 29, 'Garage', NULL),
(1, 30, 'Guest House', NULL),
(1, 31, 'Gynecologie HBB B2 (Gynecologie)', NULL),
(1, 32, 'Gynecologie PAX (Gynecologie)', NULL),
(1, 33, 'Hydro Barage', NULL),
(1, 34, 'ISTM', NULL),
(1, 35, 'ITM Tshikaji', NULL),
(1, 36, 'Laboratoire HBB (Laboratoire)', NULL),
(1, 37, 'Laboratoire PAX (Laboratoire)', NULL),
(1, 38, 'Maintenance', NULL),
(1, 39, 'Maternit├® HBB B2 (Maternit├®)', NULL),
(1, 40, 'Maternit├® PAX (Maternit├®)', NULL),
(1, 41, 'Radiologie HBB (Imag├®rie M├®dicale)', NULL),
(1, 42, 'Radiologie PAX (Imag├®rie M├®dicale)', NULL),
(1, 43, 'Salle d\'op├®ration HBB (Salle d\'op├®ration)', NULL),
(1, 44, 'Salle d\'op├®ration PAX (Salle d\'op├®ration)', NULL),
(1, 45, 'Salle d\'urgence HBB (Salle d\'urgence)', NULL),
(1, 46, 'Salle d\'urgence PAX (Salle d\'urgence)', NULL),
(1, 47, 'Secretariat ITM', NULL),
(1, 48, 'S├®curit├® HBB (S├®curit├®)', NULL),
(1, 49, 'S├®curit├® PAX (S├®curit├®)', NULL),
(1, 50, 'S├®curit├® Lac Muka (Lac Muka)', NULL),
(1, 51, 'M├®d├®cine Interne HBB C2 (H)', NULL),
(1, 52, 'M├®d├®cine Interne HBB D2 (F)', NULL),
(1, 53, 'Ophtamologie', NULL),
(1, 54, 'P├®diatrie HBB C1', NULL),
(1, 55, 'P├®diatrie PAX', NULL),
(1, 56, 'Peremption', NULL),
(1, 57, 'Perte et Casse (Administration)', NULL),
(1, 58, 'Pharmacie Depot', NULL),
(1, 59, 'Pharmachie D├®tails HBB (Pharmacie)', NULL),
(1, 60, 'Pharmachie D├®tails PAX (Pharmacie)', NULL),
(1, 61, 'Salle d\'urgence PAX', NULL),
(1, 62, 'Chirurgie Pediatrique', NULL),
(1, 63, 'Maternite Fistule', NULL),
(1, 64, 'Maternite Pax', NULL),
(1, 65, 'Gyneco Pax', NULL),
(1, 66, 'Sante Public Pax', NULL),
(1, 67, 'TBC PAX', NULL),
(1, 68, 'Laboratoire Pax', NULL),
(1, 69, 'Clinique Diabetique Pax', NULL);

--
-- Contenu de la table `section_bilan`
--

INSERT INTO `section_bilan` (`id`, `text`, `is_actif`, `position`) VALUES
(1, 'ACTIF IMMOBILISE', 1, 1),
(2, 'ACTIF CIRCULANT', 1, 2),
(3, 'TRESORERIE-ACTIF', 1, 3),
(4, 'ECARTS DE CONVERSION-ACTIF', 1, 4),
(5, 'CAPITEAUX PROPRES ET RESSOURCES ASSIMILEES', 0, 1),
(6, 'DETTES FINANCIERES ET RESSOURCES ASSIMILEES', 0, 2),
(7, 'PASSIF CIRCULANT', 0, 3),
(8, 'TRESORERIE-PASSIF', 0, 4),
(9, 'ECARTS DE CONVERSION-PASSIF', 0, 5);

--
-- Contenu de la table `section_resultat`
--

INSERT INTO `section_resultat` (`id`, `text`, `position`, `is_charge`) VALUES
(1, 'ACTIVITE D\'EXPLOITATION', 1, 1),
(2, 'ACTIVITE FINANCIERE', 2, 1),
(3, 'HORS ACTIVITE ORDINAIRE', 3, 1),
(4, 'PARTICIPATION DES TRAVAILLEURS', 4, 1),
(5, 'IMPOT SUR LE RESULTAT', 5, 1),
(9, 'ACTIVITE D\' EXPLOITATION', 1, 0),
(10, 'ACTIVITE FINANCIERE.', 2, 0),
(11, 'HORS ACTIVITES ORDINAIRES.', 3, 0);

--
-- Contenu de la table `reference_group`
--

INSERT INTO `reference_group` (`id`, `reference_group`, `text`, `position`, `section_bilan_id`) VALUES
(1, 'AA', 'Charges immobilis├®es', 1, 1),
(2, 'AD', 'Immobilisations incorporelles', 2, 1),
(3, 'AI', 'Immobilisations corporelles', 3, 1),
(4, 'AP', 'Avances et acomptes vers├®s sur immobilisations', 4, 1),
(5, 'AQ', 'Immobilisations financi├¿res', 5, 1),
(6, 'BA', 'Actif circulant H.A.O', 1, 2),
(7, 'BB', 'Stocks', 2, 2),
(8, 'BG', 'Cr├®ances et emplois assimil├®s', 3, 2),
(9, 'BT', 'Tr├®sorerie-Actif', 4, 2),
(10, 'BU', 'Ecarts de conversion-Actif', 5, 2),
(11, 'CA', 'Capital', 1, 5),
(12, 'CC', 'Primes et r├®serves', 2, 5),
(13, 'CI', 'Resultat net de l\'exercice', 3, 5),
(14, 'CK', 'Autres capitaux propres', 4, 5),
(15, 'DF', 'Dettes Financi├¿res et Ressources Assiimil├®es', 1, 6),
(16, 'DP', 'Passif Circulant', 1, 7),
(17, 'DT', 'Tr├®sorerie Passif', 1, 8),
(18, 'DU', 'Ecarts de conversion-Passif', 1, 9);

--
-- Contenu de la table `reference`
--

INSERT INTO `reference` (`id`, `is_report`, `ref`, `text`, `position`, `reference_group_id`, `section_resultat_id`) VALUES
(1, 0, 'AX', 'Frais d\'├®tablissement', 1, 1, NULL),
(2, 0, 'AY', 'Charges ├á r├®partir', 2, 1, NULL),
(3, 0, 'AE', 'Frais de recherche et d├®veloppement', 1, 2, NULL),
(4, 0, 'AF', 'Brevets,licences,logiciels', 2, 2, NULL),
(5, 0, 'AG', 'Fonds commercial', 3, 2, NULL),
(6, 0, 'AH', 'Autres immobilisations incorporelles', 4, 2, NULL),
(7, 0, 'AJ', 'Terrains', 1, 3, NULL),
(8, 0, 'AK', 'B├ótiments', 2, 3, NULL),
(9, 0, 'AL', 'Inatallations et agencements', 3, 3, NULL),
(10, 0, 'AM', 'Mat├®riel', 4, 3, NULL),
(11, 0, 'AN', 'Mat├®riel de transport', 5, 3, NULL),
(12, 0, 'AR', 'Titres de participation', 1, 5, NULL),
(13, 0, 'AS', 'Autres immobilisations financi├¿res', 2, 5, NULL),
(14, 0, 'BA', 'Acitif circulant H.A.O', 1, 6, NULL),
(15, 0, 'BC', 'Marchandises', 1, 7, NULL),
(16, 0, 'BD', 'Mati├¿res premi├¿res et autres Approvisionnements', 2, 7, NULL),
(17, 0, 'BE', 'Encours', 3, 7, NULL),
(18, 0, 'BF', 'Produits fabriqu├®s', 4, 7, NULL),
(19, 0, 'BH', 'Fournisseurs, avances vers├®es', 1, 8, NULL),
(20, 0, 'BI', 'Clients', 2, 8, NULL),
(21, 0, 'BJ', 'Autres cr├®ances', 3, 8, NULL),
(22, 0, 'BQ', 'Titres de placement', 1, 9, NULL),
(23, 0, 'BR', 'Valeurs ├á encaisser', 2, 9, NULL),
(24, 0, 'BS', 'Banques, ch├¿ques postaux, caisse', 3, 9, NULL),
(25, 0, 'BU', 'Ecarts de conversion-Actif (perte probable de change)', 1, 10, NULL),
(26, 0, 'CA', 'Capital', 1, 11, NULL),
(27, 0, 'CB', 'Actionnaires capital non appel├®', 2, 11, NULL),
(28, 0, 'CD', 'Primes d\'apport, d\'emission, de fusion', 1, 12, NULL),
(29, 0, 'CE', 'Ecarts de r├®evaluation', 2, 12, NULL),
(30, 0, 'CF', 'Reserves indisponibles', 3, 12, NULL),
(31, 0, 'CG', 'Reserves libres', 4, 12, NULL),
(32, 0, 'CH', 'Report ├á nouveau', 5, 12, NULL),
(33, 0, 'CI', 'R├®sultat de l\'exercice (b├®n├®fice ou perte)', 1, 13, NULL),
(34, 0, 'CL', 'Subventions d\'investissement', 1, 14, NULL),
(35, 0, 'CM', 'Provisions r├®gl├®ment├®es et fonds assimil├®s', 2, 14, NULL),
(36, 0, 'DA', 'Emprunts', 1, 15, NULL),
(37, 0, 'DB', 'Dettes de cr├®dit-bail et contrat assimil├®s', 2, 15, NULL),
(38, 0, 'DC', 'Dettes financi├¿res diverses', 3, 15, NULL),
(39, 0, 'DD', 'Provisions financi├¿res pour risques et charges', 4, 15, NULL),
(40, 0, 'DH', 'Dettes circulantes et ressources assimil├®es H.A.O', 1, 16, NULL),
(41, 0, 'DI', 'Clients, avances re├ºues', 2, 16, NULL),
(42, 0, 'DJ', 'Fournisseurs d\'exploitation', 3, 16, NULL),
(43, 0, 'DK', 'Dettes fiscales', 4, 16, NULL),
(44, 0, 'DL', 'Dettes sociales', 5, 16, NULL),
(45, 0, 'DM', 'Autres dettes', 6, 16, NULL),
(46, 0, 'DN', 'Risques provisionn├®s', 7, 16, NULL),
(47, 0, 'DQ', 'Bnaques, cr├®dits d\'escompte', 1, 17, NULL),
(48, 0, 'DR', 'Banques, cr├®dits de tr├®sorerie', 2, 17, NULL),
(49, 0, 'DS', 'Banques, d├®couverts', 3, 17, NULL),
(50, 0, 'DV', 'Ecarts de conversion-Passif (gain probable de change)', 1, 18, NULL),
(51, 0, 'AC', 'Primes de remboursement des obligations', 3, 1, NULL),
(52, 0, 'AP', 'Avances et Acomptes vers├®s sur Immobilisations', 1, 4, NULL),
(53, 0, 'RA', 'Achats des marchandises', 1, NULL, 1),
(54, 0, 'RB', 'Variation de stocks', 2, NULL, 1),
(55, 0, 'RC', 'Achats de mati├¿res premi├¿res et fournitures li├®es', 3, NULL, 1),
(56, 0, 'RD', 'Variation de stocks', 4, NULL, 1),
(57, 0, 'RE', 'Autres achats', 5, NULL, 1),
(58, 0, 'RH', 'Variation de stocks', 6, NULL, 1),
(59, 0, 'RI', 'Transports', 7, NULL, 1),
(60, 0, 'RJ', 'SERVICES EXTERIEURS', 8, NULL, 1),
(61, 0, 'RK', 'Imp├┤ts et taxes', 9, NULL, 1),
(62, 0, 'RL', 'Autres charges', 10, NULL, 1),
(63, 0, 'RP', 'Charges de personnel', 11, NULL, 1),
(64, 0, 'RS', 'Dotations aux amortissements et aux provisions', 12, NULL, 1),
(65, 0, 'SA', 'Frais financiers', 1, NULL, 2),
(66, 0, 'SC', 'Pertes de change', 2, NULL, 2),
(67, 0, 'SD', 'Dotations aux amortissements et aux provisions', 3, NULL, 2),
(68, 0, 'SK', 'Valeurs comptables des cessions d\'immobilisations', 1, NULL, 3),
(69, 0, 'SL', 'Charges H.A.O', 2, NULL, 3),
(70, 0, 'SM', 'Dotations H.A.O', 3, NULL, 3),
(71, 0, 'SQ', 'Participation des travailleurs', 1, NULL, 4),
(72, 0, 'SR', 'Imp├┤ts sur le r├®sultat', 2, NULL, 3),
(73, 0, 'TA', 'Vente de marchandises', 1, NULL, 9),
(74, 0, 'TB', 'MARGE BRUTE SUR MARCHANDISES', 2, NULL, 9),
(75, 0, 'TC', 'Ventes de produits fabriqu├®s', 3, NULL, 9),
(76, 0, 'TD', 'Travaux, services vendus', 4, NULL, 9),
(77, 0, 'TE', 'Production stock├®e (ou destockage)', 5, NULL, 9),
(78, 0, 'TF', 'Production immobilis├®e', 6, NULL, 9),
(79, 0, 'TG', 'MARGE BRUTE SUR MATIERE', 7, NULL, 9),
(80, 0, 'TH', 'Produits accessoires', 8, NULL, 9),
(81, 0, 'TI', 'CHIFFRE D\'AFFAIRES (1) (TA+TC+TD+TH)', 9, NULL, 9),
(82, 0, 'TK', 'Subventions d\'exploitation', 11, NULL, 9),
(83, 0, 'TL', 'Autres produits', 12, NULL, 9),
(84, 0, 'TN', 'VALEUR AJOUTEE', 13, NULL, 9),
(85, 0, 'TQ', 'EXCEDENT BRUT D\'EXPLOITATION', 14, NULL, 9),
(86, 0, 'TS', 'Reprises de provisions', 15, NULL, 9),
(87, 0, 'TT', 'Transferts de charges', 16, NULL, 9),
(88, 0, 'UA', 'Revenus financiers', 1, NULL, 10),
(89, 0, 'UC', 'Gain de change', 2, NULL, 10),
(90, 0, 'UD', 'Reprises de provisions', 3, NULL, 10),
(91, 0, 'UE', 'Transferts de charges', 4, NULL, 10),
(92, 0, 'UG', 'RESULTAT FINANCIER', 6, NULL, 10),
(94, 0, 'UK', 'Produits des cessions d\'immobilisations', 7, NULL, 11),
(95, 0, 'UL', 'Produits H.A.O', 8, NULL, 11),
(96, 0, 'UM', 'Reprises H.A.O', 9, NULL, 11),
(98, 0, 'UN', 'Transfert des charges', 10, NULL, 11),
(99, 0, 'UP', 'RESULTAT H.A.O', 12, NULL, 11),
(100, 0, 'SF', 'Total des charges financieres', 4, NULL, 2),
(101, 0, 'SH', 'Total des charges des activites ordinaires', 5, NULL, 2),
(102, 0, 'SO', 'Total des charges H.A.O', 4, NULL, 3),
(103, 0, 'SS', 'Total partcipation et impots', 3, NULL, 4),
(104, 0, 'ST', 'TOTAL GENARAL DES CHARGES', 6, NULL, NULL),
(105, 0, 'TW', 'Total des produits d\'exploitation', 17, NULL, 9),
(106, 0, 'TX', 'RESULTAT D\'EXPLOTATION', 18, NULL, 9),
(107, 0, 'UF', 'Total des produits financiers', 5, NULL, 10),
(108, 0, 'UH', 'Total des produits des activites ordinaires', 7, NULL, 10),
(109, 0, 'UI', 'RESULAT ACTIVITES ORDINAIRES', 8, NULL, 10),
(110, 0, 'UO', 'Total des produits H.A.O', 11, NULL, 11),
(111, 0, 'UT', 'TOTAL GENERAL DES PRODUITS', 13, NULL, NULL),
(112, 0, 'UZ', 'RESULAT NET', 14, NULL, NULL),
(113, 0, 'RW', 'Total des charges d\'exploitation', 13, NULL, 1);
